{
  "summary_stats": {
    "overall": {
      "roc_auc": {
        "count": 1392.0,
        "mean": 0.8121750761971394,
        "std": 0.08322837777645095,
        "min": 0.3643302399884532,
        "25%": 0.7609392082855788,
        "50%": 0.8195331499383528,
        "75%": 0.8712012500000001,
        "max": 0.9624023364329812
      },
      "f1_score": {
        "count": 1392.0,
        "mean": 0.5483426947893726,
        "std": 0.1474556271102628,
        "min": 0.1128674046569733,
        "25%": 0.4955864811133201,
        "50%": 0.5632914905841501,
        "75%": 0.6158701499056733,
        "max": 0.8858350951374208
      },
      "pa_80_f1": {
        "count": 1392.0,
        "mean": 0.41631131224359286,
        "std": 0.13825154641297704,
        "min": 0.0581132491591773,
        "25%": 0.3422814217495821,
        "50%": 0.416629140255897,
        "75%": 0.4865706500583884,
        "max": 0.7867010067899789
      },
      "disc_ratio": {
        "count": 1392.0,
        "mean": 2.0867392373460634,
        "std": 0.7830114659192233,
        "min": 0.7496473397595323,
        "25%": 1.4735487599003547,
        "50%": 1.9538075053934394,
        "75%": 2.624025506939441,
        "max": 4.258834746549027
      },
      "recon_ratio": {
        "count": 1392.0,
        "mean": 2.5047575038304872,
        "std": 1.6147805610099222,
        "min": 0.7848545429420318,
        "25%": 1.5472274611360957,
        "50%": 1.7570174448372609,
        "75%": 2.725963010445417,
        "max": 6.5970041143939495
      },
      "disc_cohens_d_normal_vs_anomaly": {
        "count": 1392.0,
        "mean": 0.9166490150618951,
        "std": 0.5041604965062572,
        "min": -0.5323357691519803,
        "25%": 0.501810458900454,
        "50%": 0.8843023536490002,
        "75%": 1.3336230449489344,
        "max": 1.926100238929427
      },
      "disc_cohens_d_disturbing_vs_anomaly": {
        "count": 1392.0,
        "mean": 0.07658504742736577,
        "std": 0.35724589200433327,
        "min": -0.6038103859360351,
        "25%": -0.2769049551150948,
        "50%": 0.0530099490148876,
        "75%": 0.4344978764267573,
        "max": 0.802904038657662
      }
    },
    "mask_after": {
      